Workbook

Sheet DataTAB
A1: Forest | B1: Worm_Type | C1: Point_ID | D1: Depth_cm | E1: Bulk_Density (g/cm^3) | F1: SOM_Percent | G1: pH
A2: Acer | B2: L | C2: Acer-L1 | D2: 0-5 | E2: 0.81512177 | F2: 6.0213144 | G2: 5.97
A3: Acer | B3: L | C3: Acer-L2 | D3: 0-5 | E3: 1.0266449 | F3: 3.9888227 | G3: 5.57
A4: Acer | B4: L | C4: Acer-L3 | D4: 0-5 | E4: 0.93191567 | F4: 4.0587496 | G4: 5.59
A5: Acer | B5: L | C5: Acer-L4 | D5: 0-5 | E5: 1.0138859 | F5: 4.4145623 | G5: 5.82
A6: Acer | B6: L | C6: Acer-L5 | D6: 0-5 | E6: 0.89400218 | F6: 4.7094588 | G6: 5.73
A7: Acer | B7: A | C7: Acer-A1 | D7: 0-5 | E7: 0.70785169 | F7: 7.4240994 | G7: 6.32
A8: Acer | B8: A | C8: Acer-A2 | D8: 0-5 | E8: 0.80330789 | F8: 7.9822425 | G8: 6.27
A9: Acer | B9: A | C9: Acer-A3 | D9: 0-5 | E9: 0.79774627 | F9: 6.7361958 | G9: 6.21
A10: Acer | B10: A | C10: Acer-A4 | D10: 0-5 | E10: 0.71686659 | F10: 8.5005554 | G10: 6.44
A11: Acer | B11: A | C11: Acer-A5 | D11: 0-5 | E11: 0.69792803 | F11: 10.001819 | G11: 6.33
A12: Magnolia | B12: L | C12: Magnolia-L1 | D12: 0-5 | E12: 0.93122501 | F12: 5.4455812 | G12: 5.57
A13: Magnolia | B13: L | C13: Magnolia-L2 | D13: 0-5 | E13: 0.81115958 | F13: 6.5005435 | G13: 5.54
... A91: WoodDuck | B91: A | C91: WoodDuck-A5 | D91: 5-10 | E91: 0.76615776 | F91: 3.7056134 | G91: 4.59

Sheet BD_Two-way Anova
A1: Depth | B1: Lumbricus (L-sites) | C1: Amynthas (A-sites)
A2: 0–5 cm | B2: =AVERAGE(DataTAB!E2:E6) -> 0.93631407 | C2: =AVERAGE(DataTAB!E17:E21) -> 0.51807343
A3: 0–5 cm | B3: =AVERAGE(DataTAB!E32:E36) -> 0.93371138 | C3: =AVERAGE(DataTAB!E47:E51) -> 0.86793893
A4: 0–5 cm | B4: =AVERAGE(DataTAB!E62:E66) -> 0.90623773 | C4: =AVERAGE(DataTAB!E77:E81) -> 0.76373682
A5: 5–10 cm | B5: =AVERAGE(DataTAB!E7:E11) -> 0.74474009 | C5: =AVERAGE(DataTAB!E22:E26) -> 0.93107234
A6: 5–10 cm | B6: =AVERAGE(DataTAB!E37:E41) -> 0.87954198 | C6: =AVERAGE(DataTAB!E52:E56) -> 1.0106434
A7: 5–10 cm | B7: =AVERAGE(DataTAB!E67:E71) -> 0.82852054 | C7: =AVERAGE(DataTAB!E82:E86) -> 0.93398764
A8: 10–15 cm | B8: =AVERAGE(DataTAB!E12:E16) -> 0.86346056 | C8: =AVERAGE(DataTAB!E27:E31) -> 0.59499091
A9: 10–15 cm | B9: =AVERAGE(DataTAB!E42:E46) -> 1.0023555 | C9: =AVERAGE(DataTAB!E57:E61) -> 0.88502363
A10: 10–15 cm | B10: =AVERAGE(DataTAB!E72:E76) -> 0.91438023 | C10: =AVERAGE(DataTAB!E87:E91) -> 0.84838968

Sheet BD_Two-was Anova Result
A1: Anova: Two-Factor With Replication
A3: SUMMARY | B3: Lumbricus (L-sites) | C3: Amynthas (A-sites) | D3: Total
A4: 0–5 cm
A5: Count | B5: 3 | C5: 3 | D5: 6
A6: Sum | B6: 2.730847 | C6: 1.8578044 | D6: 4.5886514
A7: Average | B7: 0.91028232 | C7: 0.61926814 | D7: 0.76477523
A8: Variance | B8: 0.001651077 | C8: 0.013286482 | D8: 0.031381799
A10: 5–10 cm
A11: Count | B11: 3 | C11: 3 | D11: 6
A12: Sum | B12: 2.7546056 | C12: 2.440647 | D12: 5.1952526
A13: Average | B13: 0.91820187 | C13: 0.81354901 | D13: 0.86587544
A14: Variance | B14: 0.00020346807 | C14: 0.0019596363 | D14: 0.0041509077
A16: 10–15 cm
A17: Count | B17: 3 | C17: 3 | D17: 6
A18: Sum | B18: 2.8210905 | C18: 2.6325045 | D18: 5.4535951
A19: Average | B19: 0.9403635 | C19: 0.87750151 | D19: 0.90893251
A20: Variance | B20: 0.0034748806 | C20: 7.6094352e-05 | D20: 0.0026058789
A22: Total
A23: Count | B23: 9 | C23: 9
A24: Sum | B24: 8.3065431 | C24: 6.930956
A25: Average | B25: 0.92294923 | C25: 0.77010622
A26: Variance | B26: 0.0015146983 | C26: 0.017395485
A29: ANOVA | F29: <0.05: significant
A30: Source of Variation | B30: SS | C30: df | D30: MS | E30: F | F30: P-value | G30: F crit
A31: Sample (Soil Depth) | B31: 0.065712966 | C31: 2 | D31: 0.032856483 | E31: 9.5459204 | F31: 0.0033052847 | G31: 3.8852938
A32: Columns (Worm Type) | B32: 0.10512443 | C32: 1 | D32: 0.10512443 | E32: 30.542205 | F32: 0.00013059034 | G32: 4.7472253
A33: Interaction (Worm X Depth) | B33: 0.04426522 | C33: 2 | D33: 0.02213261 | E33: 6.4302722 | F33: 0.012648053 | G33: 3.8852938
A34: Within | B34: 0.041303277 | C34: 12 | D34: 0.0034419398
A36: Total | B36: 0.25640589 | C36: 17

Sheet SOM_Two-way Anova
A1: Depth | B1: Lumbricus (L-sites) | C1: Amynthas (A-sites)
A2: 0–5 cm | B2: =AVERAGE(DataTAB!F2:F6) -> 4.6385816 | C2: =AVERAGE(DataTAB!F17:F21) -> 9.4430355
A3: 0–5 cm | B3: =AVERAGE(DataTAB!F32:F36) -> 2.935207 | C3: =AVERAGE(DataTAB!F47:F51) -> 3.5349333
A4: 0–5 cm | B4: =AVERAGE(DataTAB!F62:F66) -> 3.6338374 | C4: =AVERAGE(DataTAB!F77:F81) -> 5.2656681
A5: 5–10 cm | B5: =AVERAGE(DataTAB!F7:F11) -> 8.1289823 | C5: =AVERAGE(DataTAB!F22:F26) -> 5.2000864
A6: 5–10 cm | B6: =AVERAGE(DataTAB!F37:F41) -> 4.001936 | C6: =AVERAGE(DataTAB!F52:F56) -> 2.797256
A7: 5–10 cm | B7: =AVERAGE(DataTAB!F67:F71) -> 6.387439 | C7: =AVERAGE(DataTAB!F82:F86) -> 4.5171425
A8: 10–15 cm | B8: =AVERAGE(DataTAB!F12:F16) -> 6.149567 | C8: =AVERAGE(DataTAB!F27:F31) -> 8.7759233
A9: 10–15 cm | B9: =AVERAGE(DataTAB!F42:F46) -> 3.5805546 | C9: =AVERAGE(DataTAB!F57:F61) -> 3.0178062
A10: 10–15 cm | B10: =AVERAGE(DataTAB!F72:F76) -> 5.1573507 | C10: =AVERAGE(DataTAB!F87:F91) -> 4.6234093

Sheet SOM-Two-way Anova Result
A1: Anova: Two-Factor With Replication
A3: SUMMARY | B3: Lumbricus (L-sites) | C3: Amynthas (A-sites) | D3: Total
A4: 0–5 cm
A5: Count | B5: 3 | C5: 3 | D5: 6
A6: Sum | B6: 15.988235 | C6: 26.347941 | D6: 42.336176
A7: Average | B7: 5.3294117 | C7: 8.782647 | D7: 7.0560294
A8: Variance | B8: 0.58331305 | C8: 0.4317178 | D8: 3.9834627
A10: 5–10 cm
A11: Count | B11: 3 | C11: 3 | D11: 6
A12: Sum | B12: 13.378238 | C12: 16.276516 | D12: 29.654755
A13: Average | B13: 4.4594128 | C13: 5.4255055 | D13: 4.9424591
A14: Variance | B14: 0.53074185 | C14: 0.79711121 | D14: 0.81114174
A16: 10–15 cm
A17: Count | B17: 3 | C17: 3 | D17: 6
A18: Sum | B18: 9.3130176 | C18: 10.554675 | D18: 19.867693
A19: Average | B19: 3.1043392 | C19: 3.5182251 | D19: 3.3112822
A20: Variance | B20: 0.17484346 | C20: 0.24233723 | D20: 0.21826274
A22: Total
A23: Count | B23: 9 | C23: 9
A24: Sum | B24: 38.679491 | C24: 53.179133
A25: Average | B25: 4.2977212 | C25: 5.9087925
A26: Variance | B26: 1.2652333 | C26: 5.6955736
A29: ANOVA | F29: p<0.05: significant
A30: Source of Variation | B30: SS | C30: df | D30: MS | E30: F | F30: P-value | G30: F crit
A31: Sample (Soil Depth) | B31: 42.302098 | C31: 2 | D31: 21.151049 | E31: 45.979465 | F31: 2.3654658e-06 | G31: 3.8852938
A32: Columns (Worm Type) | B32: 11.679979 | C32: 1 | D32: 11.679979 | E32: 25.390664 | F32: 0.00028982899 | G32: 4.7472253
A33: Interaction (Worm Type X Soil Depth) | B33: 7.8642281 | C33: 2 | D33: 3.932114 | E33: 8.5478739 | F33: 0.0049216455 | G33: 3.8852938
A34: Within | B34: 5.5201292 | C34: 12 | D34: 0.46001077
A36: Total | B36: 67.366434 | C36: 17

Sheet pH_Two-way Anova
A1: Depth | B1: Lumbricus (L-sites) | C1: Amynthas (A-sites)
A2: 0–5 cm | B2: =AVERAGE(DataTAB!G2:G6) -> 5.736 | C2: =AVERAGE(DataTAB!G17:G21) -> 5.962
A3: 0–5 cm | B3: =AVERAGE(DataTAB!G32:G36) -> 5.48 | C3: =AVERAGE(DataTAB!G47:G51) -> 5.398
A4: 0–5 cm | B4: =AVERAGE(DataTAB!G62:G66) -> 5.528 | C4: =AVERAGE(DataTAB!G77:G81) -> 5.554
A5: 5–10 cm | B5: =AVERAGE(DataTAB!G7:G11) -> 6.314 | C5: =AVERAGE(DataTAB!G22:G26) -> 5.71
A6: 5–10 cm | B6: =AVERAGE(DataTAB!G37:G41) -> 5.878 | C6: =AVERAGE(DataTAB!G52:G56) -> 5.516
A7: 5–10 cm | B7: =AVERAGE(DataTAB!G67:G71) -> 5.996 | C7: =AVERAGE(DataTAB!G82:G86) -> 5.682
A8: 10–15 cm | B8: =AVERAGE(DataTAB!G12:G16) -> 5.634 | C8: =AVERAGE(DataTAB!G27:G31) -> 6.282
A9: 10–15 cm | B9: =AVERAGE(DataTAB!G42:G46) -> 5.294 | C9: =AVERAGE(DataTAB!G57:G61) -> 5.592
A10: 10–15 cm | B10: =AVERAGE(DataTAB!G72:G76) -> 5.462 | C10: =AVERAGE(DataTAB!G87:G91) -> 5.68

Sheet pH_TWo-way Anova Results
A1: Anova: Two-Factor With Replication
A3: SUMMARY | B3: Lumbricus (L-sites) | C3: Amynthas (A-sites) | D3: Total
A4: 0–5 cm
A5: Count | B5: 3 | C5: 3 | D5: 6
A6: Sum | B6: 17.08 | C6: 18.558 | D6: 35.638
A7: Average | B7: 5.6933333 | C7: 6.186 | D7: 5.9396667
A8: Variance | B8: 0.0028093333 | C8: 0.037888 | D8: 0.089095067
A10: 5–10 cm
A11: Count | B11: 3 | C11: 3 | D11: 6
A12: Sum | B12: 16.649 | C12: 17.23 | D12: 33.879
A13: Average | B13: 5.5496667 | C13: 5.7433333 | D13: 5.6465
A14: Variance | B14: 0.013596333 | C14: 0.051849333 | D14: 0.0374303
A16: 10–15 cm
A17: Count | B17: 3 | C17: 3 | D17: 6
A18: Sum | B18: 16.29 | C18: 16.868 | D18: 33.158
A19: Average | B19: 5.43 | C19: 5.6226667 | D19: 5.5263333
A20: Variance | B20: 0.014196 | C20: 0.058305333 | D20: 0.040136667
A22: Total
A23: Count | B23: 9 | C23: 9
A24: Sum | B24: 50.019 | C24: 52.656
A25: Average | B25: 5.5576667 | C25: 5.8506667
A26: Variance | B26: 0.0206885 | C26: 0.102993
A29: ANOVA | F29: p<0.05 significant
A30: Source of Variation | B30: SS | C30: df | D30: MS | E30: F | F30: P-value | G30: F crit
A31: Sample (Soil Depth) | B31: 0.54246233 | C31: 2 | D31: 0.27123117 | E31: 9.109648 | F31: 0.0039208607 | G31: 3.8852938
A32: Columns (Worm Types) | B32: 0.3863205 | C32: 1 | D32: 0.3863205 | E32: 12.975072 | F32: 0.0036319343 | G32: 4.7472253
A33: Interaction (Worm X Depth) | B33: 0.089701 | C33: 2 | D33: 0.0448505 | E33: 1.5063618 | F33: 0.26081379 | G33: 3.8852938
A34: Within | B34: 0.35728867 | C34: 12 | D34: 0.029774056
A36: Total | B36: 1.3757725 | C36: 17
